-------------------------- PROFILE ----------------------------
INSERT INTO profile (id, status, name)
VALUES
    (1000, 'ACTIVE', 'AAAA'),
    (1001, 'ACTIVE', 'BBBB');

-------------------------- FRACTIONS ----------------------------
INSERT INTO fraction (id, status, month, fraction_value, profile_id)
VALUES
    (1000, 'ACTIVE', 'JAN', 0.05, 1000),
    (1001, 'ACTIVE', 'FEB', 0.05, 1000),
    (1002, 'ACTIVE', 'MAR', 0.05, 1000),
    (1003, 'ACTIVE', 'APR', 0.05, 1000),
    (1004, 'ACTIVE', 'MAY', 0.05, 1000),
    (1005, 'ACTIVE', 'JUN', 0.05, 1000),
    (1006, 'ACTIVE', 'JUL', 0.05, 1000),
    (1007, 'ACTIVE', 'AUG', 0.05, 1000),
    (1008, 'ACTIVE', 'SEP', 0.05, 1000),
    (1009, 'ACTIVE', 'OCT', 0.05, 1000),
    (1010, 'ACTIVE', 'NOV', 0.25, 1000),
    (1011, 'ACTIVE', 'DEC', 0.25, 1000),
    (1100, 'ACTIVE', 'JAN', 0.05, 1001),
    (1101, 'ACTIVE', 'FEB', 0.05, 1001),
    (1102, 'ACTIVE', 'MAR', 0.05, 1001),
    (1103, 'ACTIVE', 'APR', 0.05, 1001),
    (1104, 'ACTIVE', 'MAY', 0.05, 1001),
    (1105, 'ACTIVE', 'JUN', 0.05, 1001),
    (1106, 'ACTIVE', 'JUL', 0.05, 1001),
    (1107, 'ACTIVE', 'AUG', 0.05, 1001),
    (1108, 'ACTIVE', 'SEP', 0.15, 1001),
    (1109, 'ACTIVE', 'OCT', 0.15, 1001),
    (1110, 'ACTIVE', 'NOV', 0.15, 1001),
    (1111, 'ACTIVE', 'DEC', 0.15, 1001);

------------------------ METER ----------------------------
INSERT INTO meter (id, profile_id, status, meter_counter)
VALUES
    (1000, 1000, 'ACTIVE', 25),
    (1001, 1000, 'ACTIVE', 30);

-------------------------- METER_READING ----------------------------
INSERT INTO meter_reading (id, meter_id, status, date_of_measuring, value)
VALUES
    (1101, 1000, 'ACTIVE', '2021-12-31 23:59:59', 0),
    (1001, 1000, 'ACTIVE', '2023-01-01', 0),
    (1000, 1000, 'ACTIVE', '2023-01-31 23:59:59', 7),
    (1002, 1000, 'ACTIVE', '2022-02-01', 7),
    (1003, 1000, 'ACTIVE', '2022-02-28 23:59:59', 14),
    (1004, 1000, 'ACTIVE', '2022-03-01', 14),
    (1005, 1000, 'ACTIVE', '2022-03-31 23:59:59', 17),
    (1006, 1000, 'ACTIVE', '2022-04-01', 17),
    (1007, 1000, 'ACTIVE', '2022-04-30 23:59:59', 18),
    (1008, 1000, 'ACTIVE', '2022-05-01', 18),
    (1009, 1000, 'ACTIVE', '2022-05-31 23:59:59', 19),
    (1010, 1000, 'ACTIVE', '2022-06-01', 19),
    (1011, 1000, 'ACTIVE', '2022-06-30 23:59:59', 19),
    (1012, 1000, 'ACTIVE', '2022-07-01', 19),
    (1013, 1000, 'ACTIVE', '2022-07-31 23:59:59', 19),
    (1014, 1000, 'ACTIVE', '2022-08-01', 19),
    (1015, 1000, 'ACTIVE', '2022-08-31 23:59:59', 19),
    (1016, 1000, 'ACTIVE', '2022-09-01', 19),
    (1017, 1000, 'ACTIVE', '2022-09-30 23:59:59', 22),
    (1018, 1000, 'ACTIVE', '2022-10-01', 22),
    (1019, 1000, 'ACTIVE', '2022-10-31 23:59:59', 29),
    (1020, 1000, 'ACTIVE', '2022-11-01', 29),
    (1021, 1000, 'ACTIVE', '2022-11-30 23:59:59', 54),
    (1022, 1000, 'ACTIVE', '2022-12-01', 54),
    (1023, 1000, 'ACTIVE', '2022-12-31 23:59:59', 80);
